{"theory":[0.40192493529781914,0.06345868147200001,0.02542175914120001,0.013619297226799998,0.008471478722,0.0057806162460000005,0.0042036986832,0.0032031585056000005,0.0025303136072,0.0020571887524,0.0017127006308,0.0014547692775999995,0.0012570422240000003,0.0011023587089600004,0.0009792090091200003,0.0008796171477600003,0.0007979524779199999,0.0007300948284799999,0.00067299320184,0.0006242246862399999,0.0005816769360000001,0.0005430590228,0.0005045028676799999,0.00045669523512,0.00037067118023999994],"exp_std":[0.022245225150768922,0.022554945025626216,0.02244149558618651,0.02251127947364846,0.02247277760194831,0.02214467623012514,0.022196804896865728,0.022166887606996984,0.02211272924265367,0.022391419497955593,0.021985724150304496,0.022056959307456086,0.021809042135402742,0.021648337074695077,0.022187026407974722,0.02221570155271031,0.022389514735116852,0.022573726201558456,0.02238210355869047,0.02210426546416654,0.022451793171221764,0.022002014128827903,0.022171291014035366,0.022382575453615397,0.021915234141973057],"x":[2,4,6,8,10,12,14,16,18,20,22,24,26,28,30,32,34,36,38,40,42,44,46,48,50],"exp_mean":[0.40920000000000034,0.05900000000000099,0.025,0.026800000000000983,-0.019399999999998876,-0.02359999999999892,-0.001399999999998971,0.03220000000000101,0.015000000000001009,0.0048000000000011115,-0.004799999999999022,-0.011799999999998971,0.010200000000001033,-0.020399999999998964,0.04660000000000097,-0.02839999999999891,-0.021199999999998987,0.062000000000001,0.010400000000001049,-0.017199999999998977,-0.01699999999999892,-0.006399999999998923,0.007800000000001049,-0.0015999999999989057,0.022200000000001066]}