{"theory":[0.40192493529781914,0.06345868147200001,0.02542175914120001,0.013619297226799998,0.008471478722,0.0057806162460000005,0.0042036986832,0.0032031585056000005,0.0025303136072,0.0020571887524,0.0017127006308,0.0014547692775999995,0.0012570422240000003,0.0011023587089600004,0.0009792090091200003,0.0008796171477600003,0.0007979524779199999,0.0007300948284799999,0.00067299320184,0.0006242246862399999,0.0005816769360000001,0.0005430590228,0.0005045028676799999,0.00045669523512,0.00037067118023999994],"exp_std":[0.0015779370894419224,0.001571973258901027,0.0015736905655245514,0.0015719592001240611,0.0015734247202253884,0.0015732034125328404,0.001571860885682194,0.0015747615496442483,0.0015758588407452955,0.0015742077112611,0.0015740601458995598,0.0015717058138017283,0.0015756206550830746,0.0015721590527946264,0.0015746221855245234,0.0015760855544736973,0.001573052967471414,0.0015752090815379512,0.001572421529024729,0.0015730875879986976,0.0015747352572766373,0.0015726509464308964,0.0015730758766311068,0.001570528045224704,0.001557721228209471],"x":[2,4,6,8,10,12,14,16,18,20,22,24,26,28,30,32,34,36,38,40,42,44,46,48,50],"exp_mean":[0.4006570000000002,0.06538000000000094,0.023441000000001027,0.010851000000001047,0.007357000000001044,0.0059580000000010475,0.002197000000001057,0.004306000000001052,0.0033760000000010483,0.0035440000000010546,0.0022660000000010523,0.0025110000000010467,0.00018400000000105013,0.0006200000000010525,0.003233000000001056,0.0013450000000010517,0.0013550000000010518,0.0035820000000010522,8.700000000105161e-5,0.0022170000000010554,0.0005910000000010513,0.0029110000000010516,-0.0013269999999989419,-0.0010609999999989497,-4.099999999895442e-5]}