{"stds":[0.0007965081563508951,0.0006374895135125007,0.0006150059317632101,0.0006570965098919744,0.0006618725761055851,0.0006278339913326727,0.0006270698663807693],"my_expectations":[0.13544973995999998,0.0118790609,0.012711584719999995,0.007267884300000002,0.00307017558,0.0024713582380000007,0.002983951291999999],"means":[0.13486550000000191,0.010435900000001348,0.013153600000001266,0.007021300000001426,0.004366700000001446,0.002790600000001318,0.003069200000001312]}