{"stds":[0.001578269803522385,0.0015699528584842853,0.0015718320312043256,0.001574248615936406,0.0015746879658780598,0.0015733938049859158,0.0015744334775632087,0.0015730970490209163,0.0015743176117454614,0.0015740072370935198,0.001573424681596243,0.0015739403327569871,0.0015737737176988703,0.001575028353991851,0.001575267575324245,0.001576270743895367,0.0015735388369533447,0.0015764417129321522,0.0015748590728989365,0.001574100060807764,0.001572353964370611,0.0015743717836148236,0.0015727006906472876,0.0015725638859124835,0.0015555866480607312],"my_expectations":[0.40192493529781914,0.06345868147200001,0.02542175914120001,0.013619297226799998,0.008471478722,0.0057806162460000005,0.0042036986832,0.0032031585056000005,0.0025303136072,0.0020571887524,0.0017127006308,0.0014547692775999995,0.0012570422240000003,0.0011023587089600004,0.0009792090091200003,0.0008796171477600003,0.0007979524779199999,0.0007300948284799999,0.00067299320184,0.0006242246862399999,0.0005816769360000001,0.0005430590228,0.0005045028676799999,0.00045669523512,0.00037067118023999994],"means":[0.4013850000000002,0.06366700000000095,0.023844000000001017,0.01505900000000104,0.007569000000001048,0.0071000000000010464,0.00408700000000105,0.0003860000000010561,0.0007320000000010403,0.002774000000001047,-0.000496999999998946,0.0027030000000010496,0.0016620000000010517,-0.00040599999999893933,0.0007400000000010514,-0.00016299999999894288,6.800000000105649e-5,0.0031640000000010544,-0.0006169999999989425,-0.003933999999998947,0.000695000000001047,0.0014020000000010545,0.00010500000000105729,-0.003208999999998949,0.0012650000000010496]}