{"stds":[0.0002845050710920751,0.00025937041616148806,0.0002583964834022029,0.0002582940050841736],"my_expectations":[0.14555098192,0.0020393195199999996,6.2191336e-5,2.09030404e-6,7.170285999999999e-8,2.4722752000000006e-9,8.531841600000001e-11,2.944477199999999e-12,1.0155570000000003e-13,3.501048e-15,1.2067083599999996e-16,4.158807600000001e-18,1.4332463999999998e-19,4.9393267999999985e-21,1.7022119200000006e-22,5.866225200000001e-24,2.0217283999999994e-25,6.9679368e-27,2.401753599999999e-28,8.27915e-30,2.856824e-31,9.8815968e-33,3.427090399999999e-34,1.20453142e-35,6.2187518e-37],"means":[0.14571710000000232,0.0018025800000021012,5.750000000209054e-5,-2.1759999997910236e-5]}